advertisement,9
time machine,9
mayonnaise,9
guinea pig,9
assassin,9
peasant,9
hermit,9
judge,9
atom,9
ivy,9
Leonardo da Vinci,8
demonstration,8
girlfriend,8
back flip,8
audience,8
phoenix,8
potion,8
cable,8
yawn,8
mud,8
pocket watch,7
floppy disk,7
long johns,7
quicksand,7
bagpipes,7
torpedo,7
embers,7
troll,7
band,7
ray,7
Ferris wheel,6
gravedigger,6
red carpet,6
boardgame,6
fireball,6
burglar,6
viking,6
porch,6
dust,6
spy,6
toilet paper,5
taxi driver,5
hitchhiker,5
vegetable,5
dandruff,5
firefly,5
plough,5
canal,5
wand,5
fog,5
refrigerator,4
banana peel,4
nutcracker,4
dandelion,4
junkyard,4
thermos,4
dishes,4
sheet,4
boot,4
flu,4
gingerbread,3
vampire,3
bus driver,3
chain saw,3
six pack,3
garbage,3
marble,3
raven,3
puck,3
oil,3
flying saucer,3
sleeping bag,3
chinchilla,3
periscope,3
freckles,3
picture,3
magpie,3
stick,3
sink,3
ape,3
marshmallow,2
apple seed,2
champagne,2
goldfish,2
snorkel,2
goatee,2
queue,2
root,2
hen,2
wig,2
basketball,1
light bulb,1
lollipop,1
factory,1
church,1
ghost,1
hair,1
ant,1
bee,1
cat,1
